"year","country.code","country","continent","lat","long","gold","silver","bronze","notes","total"
"1930","AUS","Australia","Oceania",-25.274398,133.775136,3,4,1,"",8
"1930","BER","Bermuda","Americas",32.3078,-64.7505,0,0,0,"",0
"1930","CAN","Canada","Americas",56.130366,-106.346771,20,15,19,"",54
"1930","ENG","England","Europe",52.3555177,-1.1743197,25,23,13,"",61
"1930","GUY","Guyana","Americas",5.125588,-58.801961,0,1,1,"",2
"1930","NIR","Northern Ireland","Europe",54.7877149,-6.4923145,0,1,0,"",1
"1930","NZL","New Zealand","Oceania",-40.900557,174.885971,3,4,2,"",9
"1930","RSA","South Africa","Africa",-30.559482,22.937506,6,4,7,"",17
"1930","SCO","Scotland","Europe",56.4906712,-4.2026458,2,3,5,"",10
"1930","WAL","Wales","Europe",52.1306607,-3.7837117,0,2,1,"",3
"1934","AUS","Australia","Oceania",-25.274398,133.775136,8,4,2,"",14
"1934","BER","Bermuda","Americas",32.3078,-64.7505,0,0,0,"",0
"1934","CAN","Canada","Americas",56.130366,-106.346771,15,25,9,"",49
"1934","ENG","England","Europe",52.3555177,-1.1743197,29,19,24,"",72
"1934","GUY","Guyana","Americas",5.125588,-58.801961,1,0,0,"",1
"1934","IND","India","Asia",20.440132,78.152548,0,0,1,"",1
"1934","JAM","Jamaica","Caribbean",18.109581,-77.297508,0,1,1,"",2
"1934","NIR","Northern Ireland","Europe",54.7877149,-6.4923145,0,1,2,"",3
"1934","NZL","New Zealand","Oceania",-40.900557,174.885971,1,0,2,"",3
"1934","RSA","South Africa","Africa",-30.559482,22.937506,7,9,5,"",21
"1934","SCO","Scotland","Europe",56.4906712,-4.2026458,5,4,16,"",25
"1934","TTO","Trinidad & Tobago","Caribbean",10.691803,-61.222503,0,0,0,"",0
"1934","WAL","Wales","Europe",52.1306607,-3.7837117,0,3,3,"",6
"1934","ZIM","Zimbabwe","Africa",-19.015438,29.154857,0,0,2,"Historic CGAs and teams",2
"1938","AUS","Australia","Oceania",-25.274398,133.775136,25,19,22,"",66
"1938","BER","Bermuda","Americas",32.3078,-64.7505,0,0,0,"",0
"1938","CAN","Canada","Americas",56.130366,-106.346771,13,16,15,"",44
"1938","ENG","England","Europe",52.3555177,-1.1743197,15,15,10,"",40
"1938","FIJ","Fiji","Oceania",-17.713371,178.065032,0,0,0,"",0
"1938","GUY","Guyana","Americas",5.125588,-58.801961,0,1,0,"",1
"1938","IND","India","Asia",20.440132,78.152548,0,0,0,"",0
"1938","NIR","Northern Ireland","Europe",54.7877149,-6.4923145,0,0,0,"",0
"1938","NZL","New Zealand","Oceania",-40.900557,174.885971,5,7,13,"",25
"1938","RSA","South Africa","Africa",-30.559482,22.937506,10,10,6,"",26
"1938","SCO","Scotland","Europe",56.4906712,-4.2026458,0,2,3,"",5
"1938","SRI","Sri Lanka","Asia",7.873054,80.771797,1,0,0,"",1
"1938","TTO","Trinidad & Tobago","Caribbean",10.691803,-61.222503,0,0,0,"",0
"1938","WAL","Wales","Europe",52.1306607,-3.7837117,2,1,0,"",3
"1938","ZIM","Zimbabwe","Africa",-19.015438,29.154857,0,0,2,"Historic CGAs and teams",2
"1950","AUS","Australia","Oceania",-25.274398,133.775136,34,27,19,"",80
"1950","CAN","Canada","Americas",56.130366,-106.346771,8,9,13,"",30
"1950","ENG","England","Europe",52.3555177,-1.1743197,19,16,13,"",48
"1950","FIJ","Fiji","Oceania",-17.713371,178.065032,1,2,2,"",5
"1950","NGR","Nigeria","Africa",9.081999,8.675277,0,1,0,"",1
"1950","NZL","New Zealand","Oceania",-40.900557,174.885971,10,22,22,"",54
"1950","RSA","South Africa","Africa",-30.559482,22.937506,8,4,8,"",20
"1950","SCO","Scotland","Europe",56.4906712,-4.2026458,5,3,2,"",10
"1950","SRI","Sri Lanka","Asia",7.873054,80.771797,1,2,0,"",3
"1950","WAL","Wales","Europe",52.1306607,-3.7837117,0,1,0,"",1
"1950","ZIM","Zimbabwe","Africa",-19.015438,29.154857,0,1,0,"Historic CGAs and teams",1
"1954","AUS","Australia","Oceania",-25.274398,133.775136,20,11,17,"",48
"1954","BAH","Bahamas","Americas",25.03428,-77.39628,0,0,0,"",0
"1954","BAR","Barbados","Caribbean",13.193887,-59.543198,0,1,0,"",1
"1954","BER","Bermuda","Americas",32.3078,-64.7505,0,0,0,"",0
"1954","CAN","Canada","Americas",56.130366,-106.346771,9,20,14,"",43
"1954","ENG","England","Europe",52.3555177,-1.1743197,23,24,20,"",67
"1954","FIJ","Fiji","Oceania",-17.713371,178.065032,0,0,0,"",0
"1954","GHA","Ghana","Africa",7.946527,-1.023194,0,0,0,"",0
"1954","GUY","Guyana","Americas",5.125588,-58.801961,0,0,1,"",1
"1954","HKG","Hong Kong","Asia",22.396428,114.109497,0,1,0,"Historic CGAs and teams",1
"1954","IND","India","Asia",20.440132,78.152548,0,0,0,"",0
"1954","JAM","Jamaica","Caribbean",18.109581,-77.297508,1,0,0,"",1
"1954","KEN","Kenya","Africa",-0.023559,37.906193,0,0,0,"",0
"1954","NGR","Nigeria","Africa",9.081999,8.675277,1,3,3,"",7
"1954","NIR","Northern Ireland","Europe",54.7877149,-6.4923145,2,1,0,"",3
"1954","NZL","New Zealand","Oceania",-40.900557,174.885971,7,7,5,"",19
"1954","PAK","Pakistan","Asia",30.375321,69.345116,1,3,2,"",6
"1954","RSA","South Africa","Africa",-30.559482,22.937506,16,6,13,"",35
"1954","SCO","Scotland","Europe",56.4906712,-4.2026458,6,2,5,"",13
"1954","TTO","Trinidad & Tobago","Caribbean",10.691803,-61.222503,2,2,0,"",4
"1954","UGA","Uganda","Africa",1.373333,32.290275,0,1,0,"",1
"1954","WAL","Wales","Europe",52.1306607,-3.7837117,1,1,5,"",7
"1954","ZAM","Zambia","Africa",-13.133897,27.849332,0,0,1,"",1
"1954","ZIM","Zimbabwe","Africa",-19.015438,29.154857,3,6,3,"Historic CGAs and teams",12
"1958","AUS","Australia","Oceania",-25.274398,133.775136,27,22,17,"",66
"1958","BAH","Bahamas","Americas",25.03428,-77.39628,1,1,0,"",2
"1958","BAR","Barbados","Caribbean",13.193887,-59.543198,1,1,0,"",2
"1958","CAN","Canada","Americas",56.130366,-106.346771,1,10,16,"",27
"1958","DMA","Dominica","Caribbean",15.414999,-61.370976,0,0,0,"",0
"1958","ENG","England","Europe",52.3555177,-1.1743197,29,22,29,"",80
"1958","FIJ","Fiji","Oceania",-17.713371,178.065032,0,0,0,"",0
"1958","GHA","Ghana","Africa",7.946527,-1.023194,0,0,1,"",1
"1958","GIB","Gibraltar","Europe",36.140751,-5.353585,0,0,0,"",0
"1958","GUY","Guyana","Americas",5.125588,-58.801961,0,1,0,"",1
"1958","HKG","Hong Kong","Asia",22.396428,114.109497,0,0,0,"Historic CGAs and teams",0
"1958","IND","India","Asia",20.440132,78.152548,2,1,0,"",3
"1958","IOM","Isle of Man","Europe",54.220754,-4.523504,0,0,1,"",1
"1958","JAM","Jamaica","Caribbean",18.109581,-77.297508,4,2,1,"",7
"1958","JEY","Jersey","Europe",49.214439,-2.13125,0,0,0,"",0
"1958","KEN","Kenya","Africa",-0.023559,37.906193,0,0,2,"",2
"1958","MLT","Malta","Europe",35.937496,14.375416,0,0,0,"",0
"1958","MRI","Mauritius","Africa",-20.348404,57.552152,0,0,0,"",0
"1958","NGR","Nigeria","Africa",9.081999,8.675277,0,1,1,"",2
"1958","NIR","Northern Ireland","Europe",54.7877149,-6.4923145,1,1,3,"",5
"1958","NZL","New Zealand","Oceania",-40.900557,174.885971,4,6,9,"",19
"1958","PAK","Pakistan","Asia",30.375321,69.345116,3,5,2,"",10
"1958","RSA","South Africa","Africa",-30.559482,22.937506,13,10,8,"",31
"1958","SCO","Scotland","Europe",56.4906712,-4.2026458,5,5,3,"",13
"1958","SIN","Singapore","Asia",1.352083,103.819836,2,0,0,"",2
"1958","SLE","Sierra Leone","Africa",8.460555,-11.779889,0,0,0,"",0
"1958","SRI","Sri Lanka","Asia",7.873054,80.771797,0,0,0,"",0
"1958","SVG","St. Vincent & The Grenadines","Caribbean",13.2528179,-61.1971628,0,0,0,"",0
"1958","TTO","Trinidad & Tobago","Caribbean",10.691803,-61.222503,0,0,1,"",1
"1958","UGA","Uganda","Africa",1.373333,32.290275,0,1,0,"",1
"1958","WAL","Wales","Europe",52.1306607,-3.7837117,1,3,7,"",11
"1958","ZIM","Zimbabwe","Africa",-19.015438,29.154857,0,0,3,"Historic CGAs and teams",3
"1962","AUS","Australia","Oceania",-25.274398,133.775136,38,36,31,"",105
"1962","BAH","Bahamas","Americas",25.03428,-77.39628,0,1,0,"",1
"1962","BAR","Barbados","Caribbean",13.193887,-59.543198,0,0,1,"",1
"1962","BIZ","Belize","Americas",17.189877,-88.49765,0,0,0,"",0
"1962","CAN","Canada","Americas",56.130366,-106.346771,4,12,15,"",31
"1962","DMA","Dominica","Caribbean",15.414999,-61.370976,0,0,0,"",0
"1962","ENG","England","Europe",52.3555177,-1.1743197,28,22,27,"",77
"1962","FIJ","Fiji","Oceania",-17.713371,178.065032,0,0,2,"",2
"1962","GHA","Ghana","Africa",7.946527,-1.023194,3,5,1,"",9
"1962","GIB","Gibraltar","Europe",36.140751,-5.353585,0,0,0,"",0
"1962","GUY","Guyana","Americas",5.125588,-58.801961,0,0,1,"",1
"1962","HKG","Hong Kong","Asia",22.396428,114.109497,0,0,0,"Historic CGAs and teams",0
"1962","IOM","Isle of Man","Europe",54.220754,-4.523504,0,0,0,"",0
"1962","JAM","Jamaica","Caribbean",18.109581,-77.297508,3,1,1,"",5
"1962","JEY","Jersey","Europe",49.214439,-2.13125,0,0,1,"",1
"1962","KEN","Kenya","Africa",-0.023559,37.906193,2,2,1,"",5
"1962","LCA","St. Lucia","Caribbean",13.909444,-60.978893,0,0,0,"",0
"1962","MLT","Malta","Europe",35.937496,14.375416,0,0,0,"",0
"1962","MRI","Mauritius","Africa",-20.348404,57.552152,0,0,0,"",0
"1962","NIR","Northern Ireland","Europe",54.7877149,-6.4923145,0,0,1,"",1
"1962","NZL","New Zealand","Oceania",-40.900557,174.885971,10,11,10,"",31
"1962","PAK","Pakistan","Asia",30.375321,69.345116,8,1,0,"",9
"1962","PNG","Papua New Guinea","Oceania",-6.314993,143.95555,0,0,1,"",1
"1962","SCO","Scotland","Europe",56.4906712,-4.2026458,4,7,3,"",14
"1962","SIN","Singapore","Asia",1.352083,103.819836,2,0,0,"",2
"1962","SRI","Sri Lanka","Asia",7.873054,80.771797,0,0,0,"",0
"1962","TAN","Tanzania","Africa",-6.369028,34.888822,0,0,0,"",0
"1962","TTO","Trinidad & Tobago","Caribbean",10.691803,-61.222503,0,0,2,"",2
"1962","UGA","Uganda","Africa",1.373333,32.290275,1,1,4,"",6
"1962","WAL","Wales","Europe",52.1306607,-3.7837117,0,2,4,"",6
"1962","ZIM","Zimbabwe","Africa",-19.015438,29.154857,0,2,5,"Historic CGAs and teams",7
"1966","ANT","Antigua & Barbuda","Caribbean",17.060816,-61.796428,0,0,0,"",0
"1966","AUS","Australia","Oceania",-25.274398,133.775136,23,28,22,"",73
"1966","BAH","Bahamas","Americas",25.03428,-77.39628,0,1,0,"",1
"1966","BAR","Barbados","Caribbean",13.193887,-59.543198,0,0,1,"",1
"1966","BER","Bermuda","Americas",32.3078,-64.7505,0,1,0,"",1
"1966","BIZ","Belize","Americas",17.189877,-88.49765,0,0,0,"",0
"1966","CAN","Canada","Americas",56.130366,-106.346771,14,20,23,"",57
"1966","ENG","England","Europe",52.3555177,-1.1743197,33,24,23,"",80
"1966","FIJ","Fiji","Oceania",-17.713371,178.065032,0,0,0,"",0
"1966","SAU","South Arabia","Asia",12.772997,45.022534,0,0,0,"Historic CGAs and teams",0
"1966","GHA","Ghana","Africa",7.946527,-1.023194,5,2,2,"",9
"1966","GIB","Gibraltar","Europe",36.140751,-5.353585,0,0,0,"",0
"1966","GUY","Guyana","Americas",5.125588,-58.801961,0,1,0,"",1
"1966","IND","India","Asia",20.440132,78.152548,3,4,3,"",10
"1966","IOM","Isle of Man","Europe",54.220754,-4.523504,1,0,0,"",1
"1966","JAM","Jamaica","Caribbean",18.109581,-77.297508,0,4,8,"",12
"1966","JEY","Jersey","Europe",49.214439,-2.13125,0,0,0,"",0
"1966","KEN","Kenya","Africa",-0.023559,37.906193,4,1,3,"",8
"1966","MAS","Malaysia","Asia",4.210484,101.975766,2,2,1,"",5
"1966","MRI","Mauritius","Africa",-20.348404,57.552152,0,0,0,"",0
"1966","NGR","Nigeria","Africa",9.081999,8.675277,3,4,3,"",10
"1966","NIR","Northern Ireland","Europe",54.7877149,-6.4923145,1,3,3,"",7
"1966","NZL","New Zealand","Oceania",-40.900557,174.885971,8,5,13,"",26
"1966","PAK","Pakistan","Asia",30.375321,69.345116,4,1,4,"",9
"1966","PNG","Papua New Guinea","Oceania",-6.314993,143.95555,0,1,0,"",1
"1966","SCO","Scotland","Europe",56.4906712,-4.2026458,1,4,4,"",9
"1966","SIN","Singapore","Asia",1.352083,103.819836,0,0,0,"",0
"1966","SLE","Sierra Leone","Africa",8.460555,-11.779889,0,0,0,"",0
"1966","SRI","Sri Lanka","Asia",7.873054,80.771797,0,0,0,"",0
"1966","SVG","St. Vincent & The Grenadines","Caribbean",13.2528179,-61.1971628,0,0,0,"",0
"1966","TAN","Tanzania","Africa",-6.369028,34.888822,0,0,0,"",0
"1966","TTO","Trinidad & Tobago","Caribbean",10.691803,-61.222503,5,2,2,"",9
"1966","UGA","Uganda","Africa",1.373333,32.290275,0,0,3,"",3
"1966","WAL","Wales","Europe",52.1306607,-3.7837117,3,2,2,"",7
"1970","ANT","Antigua & Barbuda","Caribbean",17.060816,-61.796428,0,0,0,"",0
"1970","AUS","Australia","Oceania",-25.274398,133.775136,36,24,22,"",82
"1970","BAH","Bahamas","Americas",25.03428,-77.39628,0,0,0,"",0
"1970","BAR","Barbados","Caribbean",13.193887,-59.543198,0,1,0,"",1
"1970","BER","Bermuda","Americas",32.3078,-64.7505,0,0,0,"",0
"1970","CAN","Canada","Americas",56.130366,-106.346771,18,24,24,"",66
"1970","DMA","Dominica","Caribbean",15.414999,-61.370976,0,0,0,"",0
"1970","ENG","England","Europe",52.3555177,-1.1743197,27,25,32,"",84
"1970","FIJ","Fiji","Oceania",-17.713371,178.065032,0,0,1,"",1
"1970","GAM","The Gambia","Africa",13.443182,-15.310139,0,0,1,"Historic CGAs and teams",1
"1970","GGY","Guernsey","Europe",49.465691,-2.585278,0,0,0,"",0
"1970","GHA","Ghana","Africa",7.946527,-1.023194,2,3,2,"",7
"1970","GIB","Gibraltar","Europe",36.140751,-5.353585,0,0,0,"",0
"1970","GRN","Grenada","Caribbean",12.1165,-61.679,0,0,0,"",0
"1970","GUY","Guyana","Americas",5.125588,-58.801961,0,0,1,"",1
"1970","HKG","Hong Kong","Asia",22.396428,114.109497,1,0,0,"Historic CGAs and teams",1
"1970","IND","India","Asia",20.440132,78.152548,5,3,4,"",12
"1970","IOM","Isle of Man","Europe",54.220754,-4.523504,0,0,1,"",1
"1970","JAM","Jamaica","Caribbean",18.109581,-77.297508,4,2,1,"",7
"1970","JEY","Jersey","Europe",49.214439,-2.13125,0,0,0,"",0
"1970","KEN","Kenya","Africa",-0.023559,37.906193,5,3,6,"",14
"1970","LCA","St. Lucia","Caribbean",13.909444,-60.978893,0,0,0,"",0
"1970","MAS","Malaysia","Asia",4.210484,101.975766,1,1,1,"",3
"1970","MAW","Malawi","Africa",-13.254308,34.301525,0,0,1,"",1
"1970","MLT","Malta","Europe",35.937496,14.375416,0,0,0,"",0
"1970","MRI","Mauritius","Africa",-20.348404,57.552152,0,0,0,"",0
"1970","NGR","Nigeria","Africa",9.081999,8.675277,2,0,0,"",2
"1970","NIR","Northern Ireland","Europe",54.7877149,-6.4923145,3,1,5,"",9
"1970","NZL","New Zealand","Oceania",-40.900557,174.885971,2,6,6,"",14
"1970","PAK","Pakistan","Asia",30.375321,69.345116,4,3,2,"",9
"1970","PNG","Papua New Guinea","Oceania",-6.314993,143.95555,0,0,0,"",0
"1970","SCO","Scotland","Europe",56.4906712,-4.2026458,6,8,11,"",25
"1970","SIN","Singapore","Asia",1.352083,103.819836,0,1,1,"",2
"1970","SLE","Sierra Leone","Africa",8.460555,-11.779889,0,0,0,"",0
"1970","SRI","Sri Lanka","Asia",7.873054,80.771797,0,0,0,"",0
"1970","SVG","St. Vincent & The Grenadines","Caribbean",13.2528179,-61.1971628,0,0,1,"",1
"1970","SWZ","Swaziland","Africa",-26.522503,31.465866,0,0,0,"",0
"1970","TAN","Tanzania","Africa",-6.369028,34.888822,0,1,0,"",1
"1970","TTO","Trinidad & Tobago","Caribbean",10.691803,-61.222503,0,4,3,"",7
"1970","UGA","Uganda","Africa",1.373333,32.290275,3,3,1,"",7
"1970","WAL","Wales","Europe",52.1306607,-3.7837117,2,6,4,"",12
"1970","ZAM","Zambia","Africa",-13.133897,27.849332,0,2,2,"",4
"1974","AUS","Australia","Oceania",-25.274398,133.775136,29,28,25,"",82
"1974","BAR","Barbados","Caribbean",13.193887,-59.543198,0,0,0,"",0
"1974","BER","Bermuda","Americas",32.3078,-64.7505,0,0,0,"",0
"1974","BOT","Botswana","Africa",-22.328474,24.684866,0,0,0,"",0
"1974","CAN","Canada","Americas",56.130366,-106.346771,25,19,18,"",62
"1974","COK","Cook Islands","Oceania",-21.236736,-159.777671,0,0,0,"",0
"1974","ENG","England","Europe",52.3555177,-1.1743197,28,31,21,"",80
"1974","FIJ","Fiji","Oceania",-17.713371,178.065032,0,0,0,"",0
"1974","GAM","The Gambia","Africa",13.443182,-15.310139,0,0,0,"Historic CGAs and teams",0
"1974","GGY","Guernsey","Europe",49.465691,-2.585278,0,0,0,"",0
"1974","GHA","Ghana","Africa",7.946527,-1.023194,1,3,5,"",9
"1974","GIB","Gibraltar","Europe",36.140751,-5.353585,0,0,0,"",0
"1974","GRN","Grenada","Caribbean",12.1165,-61.679,0,0,0,"",0
"1974","HKG","Hong Kong","Asia",22.396428,114.109497,0,0,0,"Historic CGAs and teams",0
"1974","IND","India","Asia",20.440132,78.152548,4,8,3,"",15
"1974","IOM","Isle of Man","Europe",54.220754,-4.523504,0,0,0,"",0
"1974","JAM","Jamaica","Caribbean",18.109581,-77.297508,2,1,0,"",3
"1974","JEY","Jersey","Europe",49.214439,-2.13125,0,0,0,"",0
"1974","KEN","Kenya","Africa",-0.023559,37.906193,7,2,9,"",18
"1974","LES","Lesotho","Africa",-29.609988,28.233608,0,0,0,"",0
"1974","MAS","Malaysia","Asia",4.210484,101.975766,1,0,3,"",4
"1974","MAW","Malawi","Africa",-13.254308,34.301525,0,0,0,"",0
"1974","MRI","Mauritius","Africa",-20.348404,57.552152,0,0,0,"",0
"1974","NGR","Nigeria","Africa",9.081999,8.675277,3,3,4,"",10
"1974","NIR","Northern Ireland","Europe",54.7877149,-6.4923145,3,1,2,"",6
"1974","NZL","New Zealand","Oceania",-40.900557,174.885971,9,8,18,"",35
"1974","PNG","Papua New Guinea","Oceania",-6.314993,143.95555,0,0,0,"",0
"1974","SAM","Samoa","Oceania",-13.759029,-172.104629,0,1,1,"",2
"1974","SCO","Scotland","Europe",56.4906712,-4.2026458,3,5,11,"",19
"1974","SIN","Singapore","Asia",1.352083,103.819836,0,0,1,"",1
"1974","SVG","St. Vincent & The Grenadines","Caribbean",13.2528179,-61.1971628,1,0,0,"",1
"1974","SWZ","Swaziland","Africa",-26.522503,31.465866,0,0,1,"",1
"1974","TAN","Tanzania","Africa",-6.369028,34.888822,1,0,1,"",2
"1974","TGA","Tonga","Oceania",-21.178986,-175.198242,0,0,0,"",0
"1974","TTO","Trinidad & Tobago","Caribbean",10.691803,-61.222503,0,1,1,"",2
"1974","UGA","Uganda","Africa",1.373333,32.290275,2,4,3,"",9
"1974","WAL","Wales","Europe",52.1306607,-3.7837117,1,5,4,"",10
"1978","ANT","Antigua & Barbuda","Caribbean",17.060816,-61.796428,0,0,0,"",0
"1978","AUS","Australia","Oceania",-25.274398,133.775136,24,33,27,"",84
"1978","BAH","Bahamas","Americas",25.03428,-77.39628,0,1,0,"",1
"1978","BAN","Bangladesh","Asia",23.684994,90.356331,0,0,0,"",0
"1978","BAR","Barbados","Caribbean",13.193887,-59.543198,0,0,0,"",0
"1978","BER","Bermuda","Americas",32.3078,-64.7505,0,0,0,"",0
"1978","BIZ","Belize","Americas",17.189877,-88.49765,0,0,0,"",0
"1978","CAN","Canada","Americas",56.130366,-106.346771,45,31,33,"",109
"1978","CAY","Cayman Islands","Caribbean",19.3133,-81.2546,0,0,0,"",0
"1978","COK","Cook Islands","Oceania",-21.236736,-159.777671,0,0,0,"",0
"1978","CYP","Cyprus","Europe",35.126413,33.429859,0,0,0,"",0
"1978","ENG","England","Europe",52.3555177,-1.1743197,27,27,33,"",87
"1978","FIJ","Fiji","Oceania",-17.713371,178.065032,0,0,0,"",0
"1978","GAM","The Gambia","Africa",13.443182,-15.310139,0,0,0,"Historic CGAs and teams",0
"1978","GGY","Guernsey","Europe",49.465691,-2.585278,0,0,0,"",0
"1978","GHA","Ghana","Africa",7.946527,-1.023194,1,1,1,"",3
"1978","GIB","Gibraltar","Europe",36.140751,-5.353585,0,0,0,"",0
"1978","GRN","Grenada","Caribbean",12.1165,-61.679,0,0,0,"",0
"1978","GUY","Guyana","Americas",5.125588,-58.801961,1,1,1,"",3
"1978","HKG","Hong Kong","Asia",22.396428,114.109497,2,0,0,"Historic CGAs and teams",2
"1978","IND","India","Asia",20.440132,78.152548,5,5,5,"",15
"1978","IOM","Isle of Man","Europe",54.220754,-4.523504,0,0,1,"",1
"1978","JAM","Jamaica","Caribbean",18.109581,-77.297508,2,2,3,"",7
"1978","JEY","Jersey","Europe",49.214439,-2.13125,0,0,0,"",0
"1978","KEN","Kenya","Africa",-0.023559,37.906193,7,6,5,"",18
"1978","LCA","St. Lucia","Caribbean",13.909444,-60.978893,0,0,0,"",0
"1978","LES","Lesotho","Africa",-29.609988,28.233608,0,0,0,"",0
"1978","MAS","Malaysia","Asia",4.210484,101.975766,1,2,1,"",4
"1978","MAW","Malawi","Africa",-13.254308,34.301525,0,0,0,"",0
"1978","MRI","Mauritius","Africa",-20.348404,57.552152,0,0,0,"",0
"1978","NIR","Northern Ireland","Europe",54.7877149,-6.4923145,2,1,2,"",5
"1978","NZL","New Zealand","Oceania",-40.900557,174.885971,5,6,9,"",20
"1978","PNG","Papua New Guinea","Oceania",-6.314993,143.95555,0,1,0,"",1
"1978","SAM","Samoa","Oceania",-13.759029,-172.104629,0,0,3,"",3
"1978","SCO","Scotland","Europe",56.4906712,-4.2026458,3,6,5,"",14
"1978","SIN","Singapore","Asia",1.352083,103.819836,0,0,0,"",0
"1978","SKN","St. Kitts & Nevis","Caribbean",17.357822,-62.782998,0,0,0,"",0
"1978","SLE","Sierra Leone","Africa",8.460555,-11.779889,0,0,0,"",0
"1978","SRI","Sri Lanka","Asia",7.873054,80.771797,0,0,0,"",0
"1978","SVG","St. Vincent & The Grenadines","Caribbean",13.2528179,-61.1971628,0,0,0,"",0
"1978","SWZ","Swaziland","Africa",-26.522503,31.465866,0,0,0,"",0
"1978","TAN","Tanzania","Africa",-6.369028,34.888822,1,1,0,"",2
"1978","TCA","Turks & Caicos Islands","Caribbean",21.694025,-71.797928,0,0,0,"",0
"1978","TTO","Trinidad & Tobago","Caribbean",10.691803,-61.222503,0,2,2,"",4
"1978","WAL","Wales","Europe",52.1306607,-3.7837117,2,1,5,"",8
"1978","ZAM","Zambia","Africa",-13.133897,27.849332,1,1,1,"",3
"1978","ZAM","Zambia","Africa",-13.133897,27.849332,0,2,2,"",4
"1982","AUS","Australia","Oceania",-25.274398,133.775136,39,39,29,"",107
"1982","BAH","Bahamas","Americas",25.03428,-77.39628,2,2,2,"",6
"1982","BAR","Barbados","Caribbean",13.193887,-59.543198,0,0,0,"",0
"1982","BER","Bermuda","Americas",32.3078,-64.7505,0,0,1,"",1
"1982","BOT","Botswana","Africa",-22.328474,24.684866,0,0,0,"",0
"1982","CAN","Canada","Americas",56.130366,-106.346771,26,23,33,"",82
"1982","CAY","Cayman Islands","Caribbean",19.3133,-81.2546,0,0,0,"",0
"1982","CYP","Cyprus","Europe",35.126413,33.429859,0,0,0,"",0
"1982","ENG","England","Europe",52.3555177,-1.1743197,38,38,32,"",108
"1982","FIJ","Fiji","Oceania",-17.713371,178.065032,1,0,0,"",1
"1982","FLK","Falkland Islands","Americas",-51.796253,-59.523613,0,0,0,"",0
"1982","GAM","The Gambia","Africa",13.443182,-15.310139,0,0,0,"Historic CGAs and teams",0
"1982","GGY","Guernsey","Europe",49.465691,-2.585278,0,1,1,"",2
"1982","GHA","Ghana","Africa",7.946527,-1.023194,0,0,0,"",0
"1982","GIB","Gibraltar","Europe",36.140751,-5.353585,0,0,0,"",0
"1982","GRN","Grenada","Caribbean",12.1165,-61.679,0,0,0,"",0
"1982","GUY","Guyana","Americas",5.125588,-58.801961,0,0,0,"",0
"1982","HKG","Hong Kong","Asia",22.396428,114.109497,1,0,0,"Historic CGAs and teams",1
"1982","IND","India","Asia",20.440132,78.152548,5,8,3,"",16
"1982","IOM","Isle of Man","Europe",54.220754,-4.523504,0,0,0,"",0
"1982","JAM","Jamaica","Caribbean",18.109581,-77.297508,2,1,1,"",4
"1982","JEY","Jersey","Europe",49.214439,-2.13125,0,0,0,"",0
"1982","KEN","Kenya","Africa",-0.023559,37.906193,4,2,4,"",10
"1982","MAS","Malaysia","Asia",4.210484,101.975766,1,0,1,"",2
"1982","MAW","Malawi","Africa",-13.254308,34.301525,0,0,0,"",0
"1982","MLT","Malta","Europe",35.937496,14.375416,0,0,0,"",0
"1982","MRI","Mauritius","Africa",-20.348404,57.552152,0,0,0,"",0
"1982","NGR","Nigeria","Africa",9.081999,8.675277,5,0,8,"",13
"1982","NIR","Northern Ireland","Europe",54.7877149,-6.4923145,0,3,3,"",6
"1982","NZL","New Zealand","Oceania",-40.900557,174.885971,5,8,13,"",26
"1982","PNG","Papua New Guinea","Oceania",-6.314993,143.95555,0,0,0,"",0
"1982","SAM","Samoa","Oceania",-13.759029,-172.104629,0,0,0,"",0
"1982","SCO","Scotland","Europe",56.4906712,-4.2026458,8,6,12,"",26
"1982","SHN","St. Helena","Americas",-7.940382,-14.365762,0,0,0,"",0
"1982","SIN","Singapore","Asia",1.352083,103.819836,0,0,1,"",1
"1982","SOL","Solomon Islands","Oceania",-9.64571,160.156194,0,0,0,"",0
"1982","SRI","Sri Lanka","Asia",7.873054,80.771797,0,0,0,"",0
"1982","SWZ","Swaziland","Africa",-26.522503,31.465866,0,0,1,"",1
"1982","TAN","Tanzania","Africa",-6.369028,34.888822,1,2,2,"",5
"1982","TGA","Tonga","Oceania",-21.178986,-175.198242,0,0,0,"",0
"1982","TTO","Trinidad & Tobago","Caribbean",10.691803,-61.222503,0,0,0,"",0
"1982","UGA","Uganda","Africa",1.373333,32.290275,0,3,0,"",3
"1982","VAN","Vanuatu","Oceania",-15.376706,166.959158,0,0,0,"",0
"1982","WAL","Wales","Europe",52.1306607,-3.7837117,4,4,1,"",9
"1982","ZAM","Zambia","Africa",-13.133897,27.849332,0,1,5,"",6
"1982","ZIM","Zimbabwe","Africa",-19.015438,29.154857,1,0,0,"Historic CGAs and teams",1
"1986","AUS","Australia","Oceania",-25.274398,133.775136,40,46,35,"",121
"1986","BER","Bermuda","Americas",32.3078,-64.7505,0,0,0,"",0
"1986","BOT","Botswana","Africa",-22.328474,24.684866,0,0,1,"",1
"1986","CAN","Canada","Americas",56.130366,-106.346771,51,34,31,"",116
"1986","CAY","Cayman Islands","Caribbean",19.3133,-81.2546,0,0,0,"",0
"1986","COK","Cook Islands","Oceania",-21.236736,-159.777671,0,0,0,"",0
"1986","ENG","England","Europe",52.3555177,-1.1743197,52,43,49,"",144
"1986","FIJ","Fiji","Oceania",-17.713371,178.065032,0,0,0,"",0
"1986","FLK","Falkland Islands","Americas",-51.796253,-59.523613,0,0,0,"",0
"1986","GGY","Guernsey","Europe",49.465691,-2.585278,0,2,0,"",2
"1986","GIB","Gibraltar","Europe",36.140751,-5.353585,0,0,0,"",0
"1986","HKG","Hong Kong","Asia",22.396428,114.109497,0,0,3,"Historic CGAs and teams",3
"1986","IOM","Isle of Man","Europe",54.220754,-4.523504,1,0,0,"",1
"1986","JEY","Jersey","Europe",49.214439,-2.13125,0,0,1,"",1
"1986","LES","Lesotho","Africa",-29.609988,28.233608,0,0,0,"",0
"1986","MAW","Malawi","Africa",-13.254308,34.301525,0,0,2,"",2
"1986","MDV","Maldives","Asia",1.9772276,73.536101,0,0,0,"",0
"1986","MLT","Malta","Europe",35.937496,14.375416,0,0,0,"",0
"1986","NFK","Norfolk Island","Oceania",-29.040835,167.954712,0,0,0,"",0
"1986","NIR","Northern Ireland","Europe",54.7877149,-6.4923145,2,4,9,"",15
"1986","NZL","New Zealand","Oceania",-40.900557,174.885971,8,16,14,"",38
"1986","SAM","Samoa","Oceania",-13.759029,-172.104629,0,0,0,"",0
"1986","SCO","Scotland","Europe",56.4906712,-4.2026458,3,12,18,"",33
"1986","SIN","Singapore","Asia",1.352083,103.819836,0,0,1,"",1
"1986","SWZ","Swaziland","Africa",-26.522503,31.465866,0,1,0,"",1
"1986","VAN","Vanuatu","Oceania",-15.376706,166.959158,0,0,0,"",0
"1986","WAL","Wales","Europe",52.1306607,-3.7837117,6,5,12,"",23
"1990","AUS","Australia","Oceania",-25.274398,133.775136,52,54,56,"",162
"1990","BAH","Bahamas","Americas",25.03428,-77.39628,0,0,2,"",2
"1990","BAN","Bangladesh","Asia",23.684994,90.356331,1,0,1,"",2
"1990","BAR","Barbados","Caribbean",13.193887,-59.543198,0,0,0,"",0
"1990","BER","Bermuda","Americas",32.3078,-64.7505,1,0,0,"",1
"1990","BOT","Botswana","Africa",-22.328474,24.684866,0,0,0,"",0
"1990","BRU","Brunei","Asia",4.535277,114.727669,0,0,0,"",0
"1990","CAN","Canada","Americas",56.130366,-106.346771,35,41,37,"",113
"1990","CAY","Cayman Islands","Caribbean",19.3133,-81.2546,0,0,0,"",0
"1990","COK","Cook Islands","Oceania",-21.236736,-159.777671,0,0,0,"",0
"1990","CYP","Cyprus","Europe",35.126413,33.429859,1,1,0,"",2
"1990","ENG","England","Europe",52.3555177,-1.1743197,46,40,42,"",128
"1990","FLK","Falkland Islands","Americas",-51.796253,-59.523613,0,0,0,"",0
"1990","GAM","The Gambia","Africa",13.443182,-15.310139,0,0,0,"Historic CGAs and teams",0
"1990","GGY","Guernsey","Europe",49.465691,-2.585278,1,0,0,"",1
"1990","GHA","Ghana","Africa",7.946527,-1.023194,0,2,0,"",2
"1990","GIB","Gibraltar","Europe",36.140751,-5.353585,0,0,0,"",0
"1990","GUY","Guyana","Americas",5.125588,-58.801961,0,0,1,"",1
"1990","HKG","Hong Kong","Asia",22.396428,114.109497,1,1,3,"Historic CGAs and teams",5
"1990","IND","India","Asia",20.440132,78.152548,13,8,11,"",32
"1990","IOM","Isle of Man","Europe",54.220754,-4.523504,0,0,0,"",0
"1990","IVB","British Virgin Islands","Caribbean",18.420695,-64.639968,0,0,0,"",0
"1990","JAM","Jamaica","Caribbean",18.109581,-77.297508,2,0,2,"",4
"1990","JEY","Jersey","Europe",49.214439,-2.13125,1,0,1,"",2
"1990","KEN","Kenya","Africa",-0.023559,37.906193,6,9,3,"",18
"1990","LES","Lesotho","Africa",-29.609988,28.233608,0,0,0,"",0
"1990","MAS","Malaysia","Asia",4.210484,101.975766,2,2,0,"",4
"1990","MAW","Malawi","Africa",-13.254308,34.301525,0,0,0,"",0
"1990","MDV","Maldives","Asia",1.9772276,73.536101,0,0,0,"",0
"1990","MLT","Malta","Europe",35.937496,14.375416,0,0,1,"",1
"1990","MRI","Mauritius","Africa",-20.348404,57.552152,0,0,0,"",0
"1990","NFK","Norfolk Island","Oceania",-29.040835,167.954712,0,0,0,"",0
"1990","NGR","Nigeria","Africa",9.081999,8.675277,5,13,7,"",25
"1990","NIR","Northern Ireland","Europe",54.7877149,-6.4923145,1,3,5,"",9
"1990","NRU","Nauru","Oceania",-0.522778,166.931503,1,2,0,"",3
"1990","NZL","New Zealand","Oceania",-40.900557,174.885971,17,14,27,"",58
"1990","PAK","Pakistan","Asia",30.375321,69.345116,0,0,0,"",0
"1990","PNG","Papua New Guinea","Oceania",-6.314993,143.95555,1,0,0,"",1
"1990","SAM","Samoa","Oceania",-13.759029,-172.104629,0,0,2,"",2
"1990","SCO","Scotland","Europe",56.4906712,-4.2026458,5,7,10,"",22
"1990","SEY","Seychelles","Africa",-4.679574,55.491977,0,0,0,"",0
"1990","SIN","Singapore","Asia",1.352083,103.819836,0,0,0,"",0
"1990","SKN","St. Kitts & Nevis","Caribbean",17.357822,-62.782998,0,0,0,"",0
"1990","SLE","Sierra Leone","Africa",8.460555,-11.779889,0,0,0,"",0
"1990","SOL","Solomon Islands","Oceania",-9.64571,160.156194,0,0,0,"",0
"1990","SRI","Sri Lanka","Asia",7.873054,80.771797,0,0,0,"",0
"1990","SWZ","Swaziland","Africa",-26.522503,31.465866,0,0,0,"",0
"1990","TAN","Tanzania","Africa",-6.369028,34.888822,0,1,2,"",3
"1990","TGA","Tonga","Oceania",-21.178986,-175.198242,0,0,0,"",0
"1990","TTO","Trinidad & Tobago","Caribbean",10.691803,-61.222503,0,0,0,"",0
"1990","UGA","Uganda","Africa",1.373333,32.290275,2,0,2,"",4
"1990","VAN","Vanuatu","Oceania",-15.376706,166.959158,0,0,0,"",0
"1990","WAL","Wales","Europe",52.1306607,-3.7837117,10,3,12,"",25
"1990","ZAM","Zambia","Africa",-13.133897,27.849332,0,0,3,"",3
"1990","ZIM","Zimbabwe","Africa",-19.015438,29.154857,0,2,1,"Historic CGAs and teams",3
"1994","ANT","Antigua & Barbuda","Caribbean",17.060816,-61.796428,0,0,0,"",0
"1994","AUS","Australia","Oceania",-25.274398,133.775136,87,52,42,"",181
"1994","BAH","Bahamas","Americas",25.03428,-77.39628,0,0,0,"",0
"1994","BAN","Bangladesh","Asia",23.684994,90.356331,0,0,0,"",0
"1994","BAR","Barbados","Caribbean",13.193887,-59.543198,0,0,0,"",0
"1994","BER","Bermuda","Americas",32.3078,-64.7505,0,0,1,"",1
"1994","BIZ","Belize","Americas",17.189877,-88.49765,0,0,0,"",0
"1994","BOT","Botswana","Africa",-22.328474,24.684866,0,0,1,"",1
"1994","BRU","Brunei","Asia",4.535277,114.727669,0,0,0,"",0
"1994","CAN","Canada","Americas",56.130366,-106.346771,40,42,47,"",129
"1994","CAY","Cayman Islands","Caribbean",19.3133,-81.2546,0,0,0,"",0
"1994","COK","Cook Islands","Oceania",-21.236736,-159.777671,0,0,0,"",0
"1994","CYP","Cyprus","Europe",35.126413,33.429859,2,1,2,"",5
"1994","DMA","Dominica","Caribbean",15.414999,-61.370976,0,0,0,"",0
"1994","ENG","England","Europe",52.3555177,-1.1743197,30,45,51,"",126
"1994","FLK","Falkland Islands","Americas",-51.796253,-59.523613,0,0,0,"",0
"1994","GAM","The Gambia","Africa",13.443182,-15.310139,0,0,0,"Historic CGAs and teams",0
"1994","GGY","Guernsey","Europe",49.465691,-2.585278,0,0,1,"",1
"1994","GHA","Ghana","Africa",7.946527,-1.023194,0,0,2,"",2
"1994","GIB","Gibraltar","Europe",36.140751,-5.353585,0,0,0,"",0
"1994","GUY","Guyana","Americas",5.125588,-58.801961,0,0,0,"",0
"1994","HKG","Hong Kong","Asia",22.396428,114.109497,0,0,3,"Historic CGAs and teams",3
"1994","IND","India","Asia",20.440132,78.152548,6,11,7,"",24
"1994","IOM","Isle of Man","Europe",54.220754,-4.523504,0,0,0,"",0
"1994","IVB","British Virgin Islands","Caribbean",18.420695,-64.639968,0,0,0,"",0
"1994","JAM","Jamaica","Caribbean",18.109581,-77.297508,2,4,2,"",8
"1994","JEY","Jersey","Europe",49.214439,-2.13125,0,0,0,"",0
"1994","KEN","Kenya","Africa",-0.023559,37.906193,7,4,8,"",19
"1994","LCA","St. Lucia","Caribbean",13.909444,-60.978893,0,0,0,"",0
"1994","LES","Lesotho","Africa",-29.609988,28.233608,0,0,0,"",0
"1994","MAS","Malaysia","Asia",4.210484,101.975766,2,2,2,"",6
"1994","MAW","Malawi","Africa",-13.254308,34.301525,0,0,0,"",0
"1994","MDV","Maldives","Asia",1.9772276,73.536101,0,0,0,"",0
"1994","MLT","Malta","Europe",35.937496,14.375416,0,0,0,"",0
"1994","MRI","Mauritius","Africa",-20.348404,57.552152,0,0,0,"",0
"1994","MSR","Montserrat","Caribbean",16.742498,-62.187366,0,0,0,"",0
"1994","NAM","Namibia","Africa",-22.95764,18.49041,1,0,1,"",2
"1994","NFK","Norfolk Island","Oceania",-29.040835,167.954712,0,0,1,"",1
"1994","NGR","Nigeria","Africa",9.081999,8.675277,11,13,13,"",37
"1994","NIR","Northern Ireland","Europe",54.7877149,-6.4923145,5,2,3,"",10
"1994","NRU","Nauru","Oceania",-0.522778,166.931503,3,0,0,"",3
"1994","NZL","New Zealand","Oceania",-40.900557,174.885971,5,16,20,"",41
"1994","PAK","Pakistan","Asia",30.375321,69.345116,0,0,3,"",3
"1994","PNG","Papua New Guinea","Oceania",-6.314993,143.95555,0,1,0,"",1
"1994","RSA","South Africa","Africa",-30.559482,22.937506,2,4,5,"",11
"1994","SAM","Samoa","Oceania",-13.759029,-172.104629,0,1,0,"",1
"1994","SCO","Scotland","Europe",56.4906712,-4.2026458,6,3,11,"",20
"1994","SEY","Seychelles","Africa",-4.679574,55.491977,0,0,1,"",1
"1994","SIN","Singapore","Asia",1.352083,103.819836,0,0,0,"",0
"1994","SKN","St. Kitts & Nevis","Caribbean",17.357822,-62.782998,0,0,0,"",0
"1994","SLE","Sierra Leone","Africa",8.460555,-11.779889,0,0,0,"",0
"1994","SOL","Solomon Islands","Oceania",-9.64571,160.156194,0,0,0,"",0
"1994","SRI","Sri Lanka","Asia",7.873054,80.771797,1,2,0,"",3
"1994","SVG","St. Vincent & The Grenadines","Caribbean",13.2528179,-61.1971628,0,0,0,"",0
"1994","SWZ","Swaziland","Africa",-26.522503,31.465866,0,0,0,"",0
"1994","TAN","Tanzania","Africa",-6.369028,34.888822,0,0,1,"",1
"1994","TGA","Tonga","Oceania",-21.178986,-175.198242,0,0,1,"",1
"1994","TTO","Trinidad & Tobago","Caribbean",10.691803,-61.222503,0,0,2,"",2
"1994","UGA","Uganda","Africa",1.373333,32.290275,0,0,2,"",2
"1994","VAN","Vanuatu","Oceania",-15.376706,166.959158,0,0,0,"",0
"1994","WAL","Wales","Europe",52.1306607,-3.7837117,5,8,6,"",19
"1994","ZAM","Zambia","Africa",-13.133897,27.849332,1,1,2,"",4
"1994","ZIM","Zimbabwe","Africa",-19.015438,29.154857,0,3,3,"Historic CGAs and teams",6
"1998","AIA","Anguilla","Caribbean",18.220554,-63.068615,0,0,0,"",0
"1998","ANT","Antigua & Barbuda","Caribbean",17.060816,-61.796428,0,0,0,"",0
"1998","AUS","Australia","Oceania",-25.274398,133.775136,79,61,56,"",196
"1998","BAH","Bahamas","Americas",25.03428,-77.39628,1,1,0,"",2
"1998","BAN","Bangladesh","Asia",23.684994,90.356331,0,0,0,"",0
"1998","BAR","Barbados","Caribbean",13.193887,-59.543198,1,0,2,"",3
"1998","BER","Bermuda","Americas",32.3078,-64.7505,0,1,0,"",1
"1998","BIZ","Belize","Americas",17.189877,-88.49765,0,0,0,"",0
"1998","BOT","Botswana","Africa",-22.328474,24.684866,0,0,0,"",0
"1998","BRU","Brunei","Asia",4.535277,114.727669,0,0,0,"",0
"1998","CAN","Canada","Americas",56.130366,-106.346771,30,31,38,"",99
"1998","CAY","Cayman Islands","Caribbean",19.3133,-81.2546,0,0,0,"",0
"1998","CMR","Cameroon","Africa",7.369722,12.354722,0,3,3,"",6
"1998","COK","Cook Islands","Oceania",-21.236736,-159.777671,0,0,0,"",0
"1998","CYP","Cyprus","Europe",35.126413,33.429859,1,1,1,"",3
"1998","DMA","Dominica","Caribbean",15.414999,-61.370976,0,0,0,"",0
"1998","ENG","England","Europe",52.3555177,-1.1743197,36,47,52,"",135
"1998","FIJ","Fiji","Oceania",-17.713371,178.065032,0,1,0,"",1
"1998","FLK","Falkland Islands","Americas",-51.796253,-59.523613,0,0,0,"",0
"1998","GAM","The Gambia","Africa",13.443182,-15.310139,0,0,0,"Historic CGAs and teams",0
"1998","GGY","Guernsey","Europe",49.465691,-2.585278,0,0,0,"",0
"1998","GHA","Ghana","Africa",7.946527,-1.023194,1,1,3,"",5
"1998","GIB","Gibraltar","Europe",36.140751,-5.353585,0,0,0,"",0
"1998","GRN","Grenada","Caribbean",12.1165,-61.679,0,0,0,"",0
"1998","GUY","Guyana","Americas",5.125588,-58.801961,0,0,0,"",0
"1998","IND","India","Asia",20.440132,78.152548,7,10,8,"",25
"1998","IOM","Isle of Man","Europe",54.220754,-4.523504,0,1,0,"",1
"1998","IVB","British Virgin Islands","Caribbean",18.420695,-64.639968,0,0,0,"",0
"1998","JAM","Jamaica","Caribbean",18.109581,-77.297508,4,2,0,"",6
"1998","JEY","Jersey","Europe",49.214439,-2.13125,0,0,0,"",0
"1998","KEN","Kenya","Africa",-0.023559,37.906193,7,5,4,"",16
"1998","KIR","Kiribati","Oceania",1.8709422,-157.3628595,0,0,0,"",0
"1998","LCA","St. Lucia","Caribbean",13.909444,-60.978893,0,0,0,"",0
"1998","LES","Lesotho","Africa",-29.609988,28.233608,1,0,0,"",1
"1998","MAS","Malaysia","Asia",4.210484,101.975766,10,13,12,"",35
"1998","MAW","Malawi","Africa",-13.254308,34.301525,0,0,0,"",0
"1998","MDV","Maldives","Asia",1.9772276,73.536101,0,0,0,"",0
"1998","MLT","Malta","Europe",35.937496,14.375416,0,0,0,"",0
"1998","MOZ","Mozambique","Africa",-18.665695,35.529562,1,1,0,"",2
"1998","MRI","Mauritius","Africa",-20.348404,57.552152,1,1,2,"",4
"1998","MSR","Montserrat","Caribbean",16.742498,-62.187366,0,0,0,"",0
"1998","NAM","Namibia","Africa",-22.95764,18.49041,0,2,1,"",3
"1998","NFK","Norfolk Island","Oceania",-29.040835,167.954712,0,0,0,"",0
"1998","NIR","Northern Ireland","Europe",54.7877149,-6.4923145,2,1,1,"",4
"1998","NRU","Nauru","Oceania",-0.522778,166.931503,3,0,0,"",3
"1998","NZL","New Zealand","Oceania",-40.900557,174.885971,8,6,20,"",34
"1998","PAK","Pakistan","Asia",30.375321,69.345116,0,1,0,"",1
"1998","PNG","Papua New Guinea","Oceania",-6.314993,143.95555,0,0,1,"",1
"1998","RSA","South Africa","Africa",-30.559482,22.937506,9,11,14,"",34
"1998","SAM","Samoa","Oceania",-13.759029,-172.104629,0,0,0,"",0
"1998","SCO","Scotland","Europe",56.4906712,-4.2026458,3,2,7,"",12
"1998","SEY","Seychelles","Africa",-4.679574,55.491977,0,2,0,"",2
"1998","SHN","St. Helena","Americas",-7.940382,-14.365762,0,0,0,"",0
"1998","SIN","Singapore","Asia",1.352083,103.819836,0,0,0,"",0
"1998","SKN","St. Kitts & Nevis","Caribbean",17.357822,-62.782998,0,0,0,"",0
"1998","SLE","Sierra Leone","Africa",8.460555,-11.779889,0,0,0,"",0
"1998","SOL","Solomon Islands","Oceania",-9.64571,160.156194,0,0,0,"",0
"1998","SRI","Sri Lanka","Asia",7.873054,80.771797,0,1,1,"",2
"1998","SVG","St. Vincent & The Grenadines","Caribbean",13.2528179,-61.1971628,0,0,0,"",0
"1998","SWZ","Swaziland","Africa",-26.522503,31.465866,0,0,0,"",0
"1998","TAN","Tanzania","Africa",-6.369028,34.888822,1,1,1,"",3
"1998","TCA","Turks & Caicos Islands","Caribbean",21.694025,-71.797928,0,0,0,"",0
"1998","TGA","Tonga","Oceania",-21.178986,-175.198242,0,0,0,"",0
"1998","TTO","Trinidad & Tobago","Caribbean",10.691803,-61.222503,1,1,1,"",3
"1998","UGA","Uganda","Africa",1.373333,32.290275,0,0,1,"",1
"1998","VAN","Vanuatu","Oceania",-15.376706,166.959158,0,0,0,"",0
"1998","WAL","Wales","Europe",52.1306607,-3.7837117,3,4,8,"",15
"1998","ZAM","Zambia","Africa",-13.133897,27.849332,0,0,1,"",1
"1998","ZIM","Zimbabwe","Africa",-19.015438,29.154857,2,0,3,"Historic CGAs and teams",5
"2002","AIA","Anguilla","Caribbean",18.220554,-63.068615,0,0,0,"",0
"2002","ANT","Antigua & Barbuda","Caribbean",17.060816,-61.796428,0,0,0,"",0
"2002","AUS","Australia","Oceania",-25.274398,133.775136,81,61,63,"",205
"2002","BAH","Bahamas","Americas",25.03428,-77.39628,4,0,4,"",8
"2002","BAN","Bangladesh","Asia",23.684994,90.356331,1,0,0,"",1
"2002","BAR","Barbados","Caribbean",13.193887,-59.543198,0,0,1,"",1
"2002","BER","Bermuda","Americas",32.3078,-64.7505,0,0,0,"",0
"2002","BIZ","Belize","Americas",17.189877,-88.49765,0,0,0,"",0
"2002","BOT","Botswana","Africa",-22.328474,24.684866,0,2,1,"",3
"2002","BRU","Brunei","Asia",4.535277,114.727669,0,0,0,"",0
"2002","CAN","Canada","Americas",56.130366,-106.346771,31,41,45,"",117
"2002","CAY","Cayman Islands","Caribbean",19.3133,-81.2546,0,0,1,"",1
"2002","CMR","Cameroon","Africa",7.369722,12.354722,9,1,2,"",12
"2002","COK","Cook Islands","Oceania",-21.236736,-159.777671,0,0,0,"",0
"2002","CYP","Cyprus","Europe",35.126413,33.429859,2,1,1,"",4
"2002","DMA","Dominica","Caribbean",15.414999,-61.370976,0,0,0,"",0
"2002","ENG","England","Europe",52.3555177,-1.1743197,53,51,60,"",164
"2002","FIJ","Fiji","Oceania",-17.713371,178.065032,1,1,1,"",3
"2002","FLK","Falkland Islands","Americas",-51.796253,-59.523613,0,0,0,"",0
"2002","GAM","The Gambia","Africa",13.443182,-15.310139,0,0,0,"Historic CGAs and teams",0
"2002","GGY","Guernsey","Europe",49.465691,-2.585278,0,0,0,"",0
"2002","GHA","Ghana","Africa",7.946527,-1.023194,0,0,1,"",1
"2002","GIB","Gibraltar","Europe",36.140751,-5.353585,0,0,0,"",0
"2002","GRN","Grenada","Caribbean",12.1165,-61.679,0,0,0,"",0
"2002","GUY","Guyana","Americas",5.125588,-58.801961,1,0,0,"",1
"2002","IND","India","Asia",20.440132,78.152548,30,22,17,"",69
"2002","IOM","Isle of Man","Europe",54.220754,-4.523504,0,0,0,"",0
"2002","IVB","British Virgin Islands","Caribbean",18.420695,-64.639968,0,0,0,"",0
"2002","JAM","Jamaica","Caribbean",18.109581,-77.297508,4,6,7,"",17
"2002","JEY","Jersey","Europe",49.214439,-2.13125,0,0,0,"",0
"2002","KEN","Kenya","Africa",-0.023559,37.906193,4,8,4,"",16
"2002","KIR","Kiribati","Oceania",1.8709422,-157.3628595,0,0,0,"",0
"2002","LCA","St. Lucia","Caribbean",13.909444,-60.978893,0,0,1,"",1
"2002","LES","Lesotho","Africa",-29.609988,28.233608,0,0,1,"",1
"2002","MAS","Malaysia","Asia",4.210484,101.975766,7,9,18,"",34
"2002","MAW","Malawi","Africa",-13.254308,34.301525,0,0,0,"",0
"2002","MDV","Maldives","Asia",1.9772276,73.536101,0,0,0,"",0
"2002","MLT","Malta","Europe",35.937496,14.375416,0,0,1,"",1
"2002","MOZ","Mozambique","Africa",-18.665695,35.529562,1,0,0,"",1
"2002","MRI","Mauritius","Africa",-20.348404,57.552152,0,0,1,"",1
"2002","MSR","Montserrat","Caribbean",16.742498,-62.187366,0,0,0,"",0
"2002","NAM","Namibia","Africa",-22.95764,18.49041,1,0,4,"",5
"2002","NFK","Norfolk Island","Oceania",-29.040835,167.954712,0,0,0,"",0
"2002","NGR","Nigeria","Africa",9.081999,8.675277,5,3,11,"",19
"2002","NIR","Northern Ireland","Europe",54.7877149,-6.4923145,2,2,1,"",5
"2002","NIU","Niue","Oceania",-19.054445,-169.867233,0,0,0,"",0
"2002","NRU","Nauru","Oceania",-0.522778,166.931503,2,5,8,"",15
"2002","NZL","New Zealand","Oceania",-40.900557,174.885971,11,13,20,"",44
"2002","PAK","Pakistan","Asia",30.375321,69.345116,1,3,4,"",8
"2002","PNG","Papua New Guinea","Oceania",-6.314993,143.95555,0,0,0,"",0
"2002","RSA","South Africa","Africa",-30.559482,22.937506,9,20,17,"",46
"2002","SAM","Samoa","Oceania",-13.759029,-172.104629,0,1,2,"",3
"2002","SCO","Scotland","Europe",56.4906712,-4.2026458,6,8,15,"",29
"2002","SEY","Seychelles","Africa",-4.679574,55.491977,0,0,0,"",0
"2002","SHN","St. Helena","Americas",-7.940382,-14.365762,0,0,0,"",0
"2002","SIN","Singapore","Asia",1.352083,103.819836,4,1,7,"",12
"2002","SKN","St. Kitts & Nevis","Caribbean",17.357822,-62.782998,1,0,0,"",1
"2002","SLE","Sierra Leone","Africa",8.460555,-11.779889,0,0,0,"",0
"2002","SOL","Solomon Islands","Oceania",-9.64571,160.156194,0,0,0,"",0
"2002","SRI","Sri Lanka","Asia",7.873054,80.771797,0,0,0,"",0
"2002","SVG","St. Vincent & The Grenadines","Caribbean",13.2528179,-61.1971628,0,0,0,"",0
"2002","SWZ","Swaziland","Africa",-26.522503,31.465866,0,0,0,"",0
"2002","TAN","Tanzania","Africa",-6.369028,34.888822,1,0,1,"",2
"2002","TCA","Turks & Caicos Islands","Caribbean",21.694025,-71.797928,0,0,0,"",0
"2002","TGA","Tonga","Oceania",-21.178986,-175.198242,0,0,0,"",0
"2002","TTO","Trinidad & Tobago","Caribbean",10.691803,-61.222503,0,1,0,"",1
"2002","TUV","Tuvalu","Oceania",-7.4784205,178.679924,0,0,0,"",0
"2002","UGA","Uganda","Africa",1.373333,32.290275,0,2,0,"",2
"2002","VAN","Vanuatu","Oceania",-15.376706,166.959158,0,0,0,"",0
"2002","WAL","Wales","Europe",52.1306607,-3.7837117,6,13,12,"",31
"2002","ZAM","Zambia","Africa",-13.133897,27.849332,1,1,1,"",3
"2002","ZIM","Zimbabwe","Africa",-19.015438,29.154857,1,1,0,"Historic CGAs and teams",2
"2006","AIA","Anguilla","Caribbean",18.220554,-63.068615,0,0,0,"",0
"2006","ANT","Antigua & Barbuda","Caribbean",17.060816,-61.796428,0,0,0,"",0
"2006","AUS","Australia","Oceania",-25.274398,133.775136,84,69,68,"",221
"2006","BAH","Bahamas","Americas",25.03428,-77.39628,0,2,0,"",2
"2006","BAN","Bangladesh","Asia",23.684994,90.356331,0,1,0,"",1
"2006","BAR","Barbados","Caribbean",13.193887,-59.543198,0,0,1,"",1
"2006","BER","Bermuda","Americas",32.3078,-64.7505,0,0,0,"",0
"2006","BIZ","Belize","Americas",17.189877,-88.49765,0,0,0,"",0
"2006","BOT","Botswana","Africa",-22.328474,24.684866,0,1,1,"",2
"2006","BRU","Brunei","Asia",4.535277,114.727669,0,0,0,"",0
"2006","CAN","Canada","Americas",56.130366,-106.346771,26,30,31,"",87
"2006","CAY","Cayman Islands","Caribbean",19.3133,-81.2546,0,0,0,"",0
"2006","CMR","Cameroon","Africa",7.369722,12.354722,0,1,2,"",3
"2006","COK","Cook Islands","Oceania",-21.236736,-159.777671,0,0,0,"",0
"2006","CYP","Cyprus","Europe",35.126413,33.429859,3,1,2,"",6
"2006","DMA","Dominica","Caribbean",15.414999,-61.370976,0,0,0,"",0
"2006","ENG","England","Europe",52.3555177,-1.1743197,36,40,37,"",113
"2006","FIJ","Fiji","Oceania",-17.713371,178.065032,0,0,1,"",1
"2006","FLK","Falkland Islands","Americas",-51.796253,-59.523613,0,0,0,"",0
"2006","GAM","The Gambia","Africa",13.443182,-15.310139,0,0,0,"Historic CGAs and teams",0
"2006","GGY","Guernsey","Europe",49.465691,-2.585278,0,0,0,"",0
"2006","GHA","Ghana","Africa",7.946527,-1.023194,2,0,1,"",3
"2006","GIB","Gibraltar","Europe",36.140751,-5.353585,0,0,0,"",0
"2006","GRN","Grenada","Caribbean",12.1165,-61.679,0,1,0,"",1
"2006","GUY","Guyana","Americas",5.125588,-58.801961,0,0,0,"",0
"2006","IND","India","Asia",20.440132,78.152548,22,17,10,"",49
"2006","IOM","Isle of Man","Europe",54.220754,-4.523504,1,0,1,"",2
"2006","IVB","British Virgin Islands","Caribbean",18.420695,-64.639968,0,0,0,"",0
"2006","JAM","Jamaica","Caribbean",18.109581,-77.297508,10,4,8,"",22
"2006","JEY","Jersey","Europe",49.214439,-2.13125,0,0,0,"",0
"2006","KEN","Kenya","Africa",-0.023559,37.906193,6,5,7,"",18
"2006","KIR","Kiribati","Oceania",1.8709422,-157.3628595,0,0,0,"",0
"2006","LCA","St. Lucia","Caribbean",13.909444,-60.978893,0,0,0,"",0
"2006","LES","Lesotho","Africa",-29.609988,28.233608,0,1,0,"",1
"2006","MAS","Malaysia","Asia",4.210484,101.975766,7,12,10,"",29
"2006","MAW","Malawi","Africa",-13.254308,34.301525,0,0,0,"",0
"2006","MDV","Maldives","Asia",1.9772276,73.536101,0,0,0,"",0
"2006","MLT","Malta","Europe",35.937496,14.375416,0,1,1,"",2
"2006","MOZ","Mozambique","Africa",-18.665695,35.529562,0,0,1,"",1
"2006","MRI","Mauritius","Africa",-20.348404,57.552152,0,3,0,"",3
"2006","MSR","Montserrat","Caribbean",16.742498,-62.187366,0,0,0,"",0
"2006","NAM","Namibia","Africa",-22.95764,18.49041,1,0,1,"",2
"2006","NFK","Norfolk Island","Oceania",-29.040835,167.954712,0,0,0,"",0
"2006","NGR","Nigeria","Africa",9.081999,8.675277,4,6,7,"",17
"2006","NIR","Northern Ireland","Europe",54.7877149,-6.4923145,0,2,0,"",2
"2006","NIU","Niue","Oceania",-19.054445,-169.867233,0,0,0,"",0
"2006","NRU","Nauru","Oceania",-0.522778,166.931503,0,1,1,"",2
"2006","NZL","New Zealand","Oceania",-40.900557,174.885971,6,12,14,"",32
"2006","PAK","Pakistan","Asia",30.375321,69.345116,1,3,1,"",5
"2006","PNG","Papua New Guinea","Oceania",-6.314993,143.95555,1,1,0,"",2
"2006","RSA","South Africa","Africa",-30.559482,22.937506,12,13,13,"",38
"2006","SAM","Samoa","Oceania",-13.759029,-172.104629,0,0,1,"",1
"2006","SCO","Scotland","Europe",56.4906712,-4.2026458,11,7,11,"",29
"2006","SEY","Seychelles","Africa",-4.679574,55.491977,0,0,2,"",2
"2006","SHN","St. Helena","Americas",-7.940382,-14.365762,0,0,0,"",0
"2006","SIN","Singapore","Asia",1.352083,103.819836,5,6,7,"",18
"2006","SKN","St. Kitts & Nevis","Caribbean",17.357822,-62.782998,0,0,0,"",0
"2006","SLE","Sierra Leone","Africa",8.460555,-11.779889,0,0,0,"",0
"2006","SOL","Solomon Islands","Oceania",-9.64571,160.156194,0,0,0,"",0
"2006","SRI","Sri Lanka","Asia",7.873054,80.771797,1,0,0,"",1
"2006","SVG","St. Vincent & The Grenadines","Caribbean",13.2528179,-61.1971628,0,0,0,"",0
"2006","SWZ","Swaziland","Africa",-26.522503,31.465866,0,0,1,"",1
"2006","TAN","Tanzania","Africa",-6.369028,34.888822,1,0,1,"",2
"2006","TCA","Turks & Caicos Islands","Caribbean",21.694025,-71.797928,0,0,0,"",0
"2006","TGA","Tonga","Oceania",-21.178986,-175.198242,0,0,0,"",0
"2006","TTO","Trinidad & Tobago","Caribbean",10.691803,-61.222503,0,0,3,"",3
"2006","TUV","Tuvalu","Oceania",-7.4784205,178.679924,0,0,0,"",0
"2006","UGA","Uganda","Africa",1.373333,32.290275,2,0,1,"",3
"2006","VAN","Vanuatu","Oceania",-15.376706,166.959158,0,0,0,"",0
"2006","WAL","Wales","Europe",52.1306607,-3.7837117,3,5,11,"",19
"2006","ZAM","Zambia","Africa",-13.133897,27.849332,0,0,0,"",0
"2010","AIA","Anguilla","Caribbean",18.220554,-63.068615,0,0,0,"",0
"2010","ANT","Antigua & Barbuda","Caribbean",17.060816,-61.796428,0,0,0,"",0
"2010","AUS","Australia","Oceania",-25.274398,133.775136,74,56,50,"",180
"2010","BAH","Bahamas","Americas",25.03428,-77.39628,1,1,4,"",6
"2010","BAN","Bangladesh","Asia",23.684994,90.356331,0,0,1,"",1
"2010","BAR","Barbados","Caribbean",13.193887,-59.543198,0,0,0,"",0
"2010","BER","Bermuda","Americas",32.3078,-64.7505,0,0,0,"",0
"2010","BIZ","Belize","Americas",17.189877,-88.49765,0,0,0,"",0
"2010","BOT","Botswana","Africa",-22.328474,24.684866,1,1,2,"",4
"2010","BRU","Brunei","Asia",4.535277,114.727669,0,0,0,"",0
"2010","CAN","Canada","Americas",56.130366,-106.346771,26,17,33,"",76
"2010","CAY","Cayman Islands","Caribbean",19.3133,-81.2546,1,0,0,"",1
"2010","CMR","Cameroon","Africa",7.369722,12.354722,0,2,4,"",6
"2010","COK","Cook Islands","Oceania",-21.236736,-159.777671,0,0,0,"",0
"2010","CYP","Cyprus","Europe",35.126413,33.429859,4,3,4,"",11
"2010","DMA","Dominica","Caribbean",15.414999,-61.370976,0,0,0,"",0
"2010","ENG","England","Europe",52.3555177,-1.1743197,37,59,44,"",140
"2010","FLK","Falkland Islands","Americas",-51.796253,-59.523613,0,0,0,"",0
"2010","GAM","The Gambia","Africa",13.443182,-15.310139,0,0,0,"Historic CGAs and teams",0
"2010","GGY","Guernsey","Europe",49.465691,-2.585278,0,0,0,"",0
"2010","GHA","Ghana","Africa",7.946527,-1.023194,0,1,3,"",4
"2010","GIB","Gibraltar","Europe",36.140751,-5.353585,0,0,0,"",0
"2010","GRN","Grenada","Caribbean",12.1165,-61.679,0,0,0,"",0
"2010","GUY","Guyana","Americas",5.125588,-58.801961,0,1,0,"",1
"2010","IND","India","Asia",20.440132,78.152548,39,26,36,"",101
"2010","IOM","Isle of Man","Europe",54.220754,-4.523504,0,0,2,"",2
"2010","IVB","British Virgin Islands","Caribbean",18.420695,-64.639968,0,0,0,"",0
"2010","JAM","Jamaica","Caribbean",18.109581,-77.297508,2,4,1,"",7
"2010","JEY","Jersey","Europe",49.214439,-2.13125,0,0,0,"",0
"2010","KEN","Kenya","Africa",-0.023559,37.906193,12,11,10,"",33
"2010","KIR","Kiribati","Oceania",1.8709422,-157.3628595,0,0,0,"",0
"2010","LCA","St. Lucia","Caribbean",13.909444,-60.978893,0,0,1,"",1
"2010","LES","Lesotho","Africa",-29.609988,28.233608,0,0,0,"",0
"2010","MAS","Malaysia","Asia",4.210484,101.975766,12,10,14,"",36
"2010","MAW","Malawi","Africa",-13.254308,34.301525,0,0,0,"",0
"2010","MDV","Maldives","Asia",1.9772276,73.536101,0,0,0,"",0
"2010","MLT","Malta","Europe",35.937496,14.375416,0,0,0,"",0
"2010","MOZ","Mozambique","Africa",-18.665695,35.529562,0,0,0,"",0
"2010","MRI","Mauritius","Africa",-20.348404,57.552152,0,0,2,"",2
"2010","MSR","Montserrat","Caribbean",16.742498,-62.187366,0,0,0,"",0
"2010","NAM","Namibia","Africa",-22.95764,18.49041,0,1,2,"",3
"2010","NFK","Norfolk Island","Oceania",-29.040835,167.954712,0,0,0,"",0
"2010","NGR","Nigeria","Africa",9.081999,8.675277,11,8,14,"",33
"2010","NIR","Northern Ireland","Europe",54.7877149,-6.4923145,3,3,4,"",10
"2010","NIU","Niue","Oceania",-19.054445,-169.867233,0,0,0,"",0
"2010","NRU","Nauru","Oceania",-0.522778,166.931503,1,1,0,"",2
"2010","NZL","New Zealand","Oceania",-40.900557,174.885971,6,22,8,"",36
"2010","PAK","Pakistan","Asia",30.375321,69.345116,2,1,2,"",5
"2010","PNG","Papua New Guinea","Oceania",-6.314993,143.95555,0,1,0,"",1
"2010","RSA","South Africa","Africa",-30.559482,22.937506,12,11,10,"",33
"2010","RWA","Rwanda","Africa",-1.940278,29.873888,0,0,0,"",0
"2010","SAM","Samoa","Oceania",-13.759029,-172.104629,3,0,1,"",4
"2010","SCO","Scotland","Europe",56.4906712,-4.2026458,9,10,7,"",26
"2010","SEY","Seychelles","Africa",-4.679574,55.491977,0,1,0,"",1
"2010","SHN","St. Helena","Americas",-7.940382,-14.365762,0,0,0,"",0
"2010","SIN","Singapore","Asia",1.352083,103.819836,10,12,8,"",30
"2010","SKN","St. Kitts & Nevis","Caribbean",17.357822,-62.782998,0,0,0,"",0
"2010","SLE","Sierra Leone","Africa",8.460555,-11.779889,0,0,0,"",0
"2010","SOL","Solomon Islands","Oceania",-9.64571,160.156194,0,0,0,"",0
"2010","SRI","Sri Lanka","Asia",7.873054,80.771797,0,1,1,"",2
"2010","SVG","St. Vincent & The Grenadines","Caribbean",13.2528179,-61.1971628,1,0,0,"",1
"2010","SWZ","Swaziland","Africa",-26.522503,31.465866,0,0,0,"",0
"2010","TAN","Tanzania","Africa",-6.369028,34.888822,0,0,0,"",0
"2010","TCA","Turks & Caicos Islands","Caribbean",21.694025,-71.797928,0,0,0,"",0
"2010","TGA","Tonga","Oceania",-21.178986,-175.198242,0,0,2,"",2
"2010","TTO","Trinidad & Tobago","Caribbean",10.691803,-61.222503,0,4,2,"",6
"2010","TUV","Tuvalu","Oceania",-7.4784205,178.679924,0,0,0,"",0
"2010","UGA","Uganda","Africa",1.373333,32.290275,2,0,0,"",2
"2010","VAN","Vanuatu","Oceania",-15.376706,166.959158,0,0,0,"",0
"2010","WAL","Wales","Europe",52.1306607,-3.7837117,3,6,10,"",19
"2010","ZAM","Zambia","Africa",-13.133897,27.849332,0,0,0,"",0
"2014","AIA","Anguilla","Caribbean",18.220554,-63.068615,0,0,0,"",0
"2014","ANT","Antigua & Barbuda","Caribbean",17.060816,-61.796428,0,0,0,"",0
"2014","AUS","Australia","Oceania",-25.274398,133.775136,49,42,46,"",137
"2014","BAH","Bahamas","Americas",25.03428,-77.39628,0,2,1,"",3
"2014","BAN","Bangladesh","Asia",23.684994,90.356331,0,1,0,"",1
"2014","BAR","Barbados","Caribbean",13.193887,-59.543198,0,0,1,"",1
"2014","BER","Bermuda","Americas",32.3078,-64.7505,0,0,0,"",0
"2014","BIZ","Belize","Americas",17.189877,-88.49765,0,0,0,"",0
"2014","BOT","Botswana","Africa",-22.328474,24.684866,1,0,0,"",1
"2014","BRU","Brunei","Asia",4.535277,114.727669,0,0,0,"",0
"2014","CAN","Canada","Americas",56.130366,-106.346771,32,16,34,"",82
"2014","CAY","Cayman Islands","Caribbean",19.3133,-81.2546,0,0,0,"",0
"2014","CMR","Cameroon","Africa",7.369722,12.354722,1,3,3,"",7
"2014","COK","Cook Islands","Oceania",-21.236736,-159.777671,0,0,0,"",0
"2014","CYP","Cyprus","Europe",35.126413,33.429859,2,4,2,"",8
"2014","DMA","Dominica","Caribbean",15.414999,-61.370976,0,0,0,"",0
"2014","ENG","England","Europe",52.3555177,-1.1743197,58,59,57,"",174
"2014","FIJ","Fiji","Oceania",-17.713371,178.065032,0,0,1,"",1
"2014","FLK","Falkland Islands","Americas",-51.796253,-59.523613,0,0,0,"",0
"2014","GGY","Guernsey","Europe",49.465691,-2.585278,0,0,0,"",0
"2014","GHA","Ghana","Africa",7.946527,-1.023194,0,0,2,"",2
"2014","GIB","Gibraltar","Europe",36.140751,-5.353585,0,0,0,"",0
"2014","GRN","Grenada","Caribbean",12.1165,-61.679,1,0,1,"",2
"2014","GUY","Guyana","Americas",5.125588,-58.801961,0,0,0,"",0
"2014","IND","India","Asia",20.440132,78.152548,15,30,19,"",64
"2014","IOM","Isle of Man","Europe",54.220754,-4.523504,0,1,0,"",1
"2014","IVB","British Virgin Islands","Caribbean",18.420695,-64.639968,0,0,0,"",0
"2014","JAM","Jamaica","Caribbean",18.109581,-77.297508,10,4,8,"",22
"2014","JEY","Jersey","Europe",49.214439,-2.13125,0,0,0,"",0
"2014","KEN","Kenya","Africa",-0.023559,37.906193,10,10,5,"",25
"2014","KIR","Kiribati","Oceania",1.8709422,-157.3628595,1,0,0,"",1
"2014","LCA","St. Lucia","Caribbean",13.909444,-60.978893,0,0,1,"",1
"2014","LES","Lesotho","Africa",-29.609988,28.233608,0,0,0,"",0
"2014","MAS","Malaysia","Asia",4.210484,101.975766,6,7,6,"",19
"2014","MAW","Malawi","Africa",-13.254308,34.301525,0,0,0,"",0
"2014","MDV","Maldives","Asia",1.9772276,73.536101,0,0,0,"",0
"2014","MLT","Malta","Europe",35.937496,14.375416,0,0,0,"",0
"2014","MOZ","Mozambique","Africa",-18.665695,35.529562,0,1,1,"",2
"2014","MRI","Mauritius","Africa",-20.348404,57.552152,0,1,1,"",2
"2014","MSR","Montserrat","Caribbean",16.742498,-62.187366,0,0,0,"",0
"2014","NAM","Namibia","Africa",-22.95764,18.49041,0,1,2,"",3
"2014","NFK","Norfolk Island","Oceania",-29.040835,167.954712,0,0,0,"",0
"2014","NGR","Nigeria","Africa",9.081999,8.675277,11,11,14,"",36
"2014","NIR","Northern Ireland","Europe",54.7877149,-6.4923145,2,3,7,"",12
"2014","NIU","Niue","Oceania",-19.054445,-169.867233,0,0,0,"",0
"2014","NRU","Nauru","Oceania",-0.522778,166.931503,0,1,0,"",1
"2014","NZL","New Zealand","Oceania",-40.900557,174.885971,14,14,17,"",45
"2014","PAK","Pakistan","Asia",30.375321,69.345116,0,3,1,"",4
"2014","PNG","Papua New Guinea","Oceania",-6.314993,143.95555,2,0,0,"",2
"2014","RSA","South Africa","Africa",-30.559482,22.937506,13,10,17,"",40
"2014","RWA","Rwanda","Africa",-1.940278,29.873888,0,0,0,"",0
"2014","SAM","Samoa","Oceania",-13.759029,-172.104629,0,2,1,"",3
"2014","SCO","Scotland","Europe",56.4906712,-4.2026458,19,15,19,"",53
"2014","SEY","Seychelles","Africa",-4.679574,55.491977,0,0,0,"",0
"2014","SHN","St. Helena","Americas",-7.940382,-14.365762,0,0,0,"",0
"2014","SIN","Singapore","Asia",1.352083,103.819836,8,5,4,"",17
"2014","SKN","St. Kitts & Nevis","Caribbean",17.357822,-62.782998,0,0,0,"",0
"2014","SLE","Sierra Leone","Africa",8.460555,-11.779889,0,0,0,"",0
"2014","SOL","Solomon Islands","Oceania",-9.64571,160.156194,0,0,0,"",0
"2014","SRI","Sri Lanka","Asia",7.873054,80.771797,0,1,0,"",1
"2014","SVG","St. Vincent & The Grenadines","Caribbean",13.2528179,-61.1971628,0,0,0,"",0
"2014","SWZ","Swaziland","Africa",-26.522503,31.465866,0,0,0,"",0
"2014","TAN","Tanzania","Africa",-6.369028,34.888822,0,0,0,"",0
"2014","TCA","Turks & Caicos Islands","Caribbean",21.694025,-71.797928,0,0,0,"",0
"2014","TGA","Tonga","Oceania",-21.178986,-175.198242,0,0,0,"",0
"2014","TTO","Trinidad & Tobago","Caribbean",10.691803,-61.222503,0,3,5,"",8
"2014","TUV","Tuvalu","Oceania",-7.4784205,178.679924,0,0,0,"",0
"2014","UGA","Uganda","Africa",1.373333,32.290275,1,0,4,"",5
"2014","VAN","Vanuatu","Oceania",-15.376706,166.959158,0,0,0,"",0
"2014","WAL","Wales","Europe",52.1306607,-3.7837117,5,11,20,"",36
"2014","ZAM","Zambia","Africa",-13.133897,27.849332,0,0,2,"",2
"All","AIA","Anguilla","Caribbean",18.220554,-63.068615,0,0,0,"",0
"All","ANT","Antigua & Barbuda","Caribbean",17.060816,-61.796428,0,0,0,"",0
"All","AUS","Australia","Oceania",-25.274398,133.775136,852,716,650,"",2218
"All","BAH","Bahamas","Americas",25.03428,-77.39628,9,12,13,"",34
"All","BAN","Bangladesh","Asia",23.684994,90.356331,2,2,2,"",6
"All","BAR","Barbados","Caribbean",13.193887,-59.543198,2,3,7,"",12
"All","BER","Bermuda","Americas",32.3078,-64.7505,1,2,2,"",5
"All","BIZ","Belize","Americas",17.189877,-88.49765,0,0,0,"",0
"All","BOT","Botswana","Africa",-22.328474,24.684866,2,4,6,"",12
"All","BRU","Brunei","Asia",4.535277,114.727669,0,0,0,"",0
"All","CAN","Canada","Americas",56.130366,-106.346771,469,476,528,"",1473
"All","CAY","Cayman Islands","Caribbean",19.3133,-81.2546,1,0,1,"",2
"All","CMR","Cameroon","Africa",7.369722,12.354722,10,10,14,"",34
"All","COK","Cook Islands","Oceania",-21.236736,-159.777671,0,0,0,"",0
"All","CYP","Cyprus","Europe",35.126413,33.429859,15,12,12,"",39
"All","DMA","Dominica","Caribbean",15.414999,-61.370976,0,0,0,"",0
"All","ENG","England","Europe",52.3555177,-1.1743197,669,670,669,"",2008
"All","FIJ","Fiji","Oceania",-17.713371,178.065032,3,4,8,"",15
"All","FLK","Falkland Islands","Americas",-51.796253,-59.523613,0,0,0,"",0
"All","SAU","South Arabia","Asia",12.772997,45.022534,0,0,0,"Historic CGAs and teams",0
"All","GAM","The Gambia","Africa",13.443182,-15.310139,0,0,1,"Historic CGAs and teams",1
"All","GGY","Guernsey","Europe",49.465691,-2.585278,1,3,2,"",6
"All","GHA","Ghana","Africa",7.946527,-1.023194,15,18,24,"",57
"All","GIB","Gibraltar","Europe",36.140751,-5.353585,0,0,0,"",0
"All","GRN","Grenada","Caribbean",12.1165,-61.679,1,1,1,"",3
"All","GUY","Guyana","Americas",5.125588,-58.801961,3,6,6,"",15
"All","HKG","Hong Kong","Asia",22.396428,114.109497,5,2,9,"Historic CGAs and teams",16
"All","IND","India","Asia",20.440132,78.152548,156,153,127,"",436
"All","IOM","Isle of Man","Europe",54.220754,-4.523504,3,2,6,"",11
"All","IVB","British Virgin Islands","Caribbean",18.420695,-64.639968,0,0,0,"",0
"All","JAM","Jamaica","Caribbean",18.109581,-77.297508,52,38,44,"",134
"All","JEY","Jersey","Europe",49.214439,-2.13125,1,0,3,"",4
"All","KEN","Kenya","Africa",-0.023559,37.906193,81,68,71,"",220
"All","KIR","Kiribati","Oceania",1.8709422,-157.3628595,1,0,0,"",1
"All","LCA","St. Lucia","Caribbean",13.909444,-60.978893,0,0,3,"",3
"All","LES","Lesotho","Africa",-29.609988,28.233608,1,1,1,"",3
"All","MAS","Malaysia","Asia",4.210484,101.975766,52,60,69,"",181
"All","MAW","Malawi","Africa",-13.254308,34.301525,0,0,3,"",3
"All","MDV","Maldives","Asia",1.9772276,73.536101,0,0,0,"",0
"All","MLT","Malta","Europe",35.937496,14.375416,0,1,3,"",4
"All","MOZ","Mozambique","Africa",-18.665695,35.529562,2,2,2,"",6
"All","MRI","Mauritius","Africa",-20.348404,57.552152,1,5,6,"",12
"All","MSR","Montserrat","Caribbean",16.742498,-62.187366,0,0,0,"",0
"All","NAM","Namibia","Africa",-22.95764,18.49041,3,4,11,"",18
"All","NFK","Norfolk Island","Oceania",-29.040835,167.954712,0,0,1,"",1
"All","NGR","Nigeria","Africa",9.081999,8.675277,61,66,85,"",212
"All","NIR","Northern Ireland","Europe",54.7877149,-6.4923145,29,33,51,"",113
"All","NIU","Niue","Oceania",-19.054445,-169.867233,0,0,0,"",0
"All","NRU","Nauru","Oceania",-0.522778,166.931503,10,10,9,"",29
"All","NZL","New Zealand","Oceania",-40.900557,174.885971,144,203,262,"",609
"All","PAK","Pakistan","Asia",30.375321,69.345116,24,24,21,"",69
"All","PNG","Papua New Guinea","Oceania",-6.314993,143.95555,4,5,2,"",11
"All","RSA","South Africa","Africa",-30.559482,22.937506,117,112,123,"",352
"All","RWA","Rwanda","Africa",-1.940278,29.873888,0,0,0,"",0
"All","SAM","Samoa","Oceania",-13.759029,-172.104629,3,5,11,"",19
"All","SCO","Scotland","Europe",56.4906712,-4.2026458,110,119,178,"",407
"All","SEY","Seychelles","Africa",-4.679574,55.491977,0,3,3,"",6
"All","SHN","St. Helena","Americas",-7.940382,-14.365762,0,0,0,"",0
"All","SIN","Singapore","Asia",1.352083,103.819836,31,25,30,"",86
"All","SKN","St. Kitts & Nevis","Caribbean",17.357822,-62.782998,1,0,0,"",1
"All","SLE","Sierra Leone","Africa",8.460555,-11.779889,0,0,0,"",0
"All","SOL","Solomon Islands","Oceania",-9.64571,160.156194,0,0,0,"",0
"All","SRI","Sri Lanka","Asia",7.873054,80.771797,4,7,2,"",13
"All","SVG","St. Vincent & The Grenadines","Caribbean",13.2528179,-61.1971628,2,0,1,"",3
"All","SWZ","Swaziland","Africa",-26.522503,31.465866,0,1,3,"",4
"All","TAN","Tanzania","Africa",-6.369028,34.888822,6,6,9,"",21
"All","TCA","Turks & Caicos Islands","Caribbean",21.694025,-71.797928,0,0,0,"",0
"All","TGA","Tonga","Oceania",-21.178986,-175.198242,0,0,3,"",3
"All","TTO","Trinidad & Tobago","Caribbean",10.691803,-61.222503,8,20,24,"",52
"All","TUV","Tuvalu","Oceania",-7.4784205,178.679924,0,0,0,"",0
"All","UGA","Uganda","Africa",1.373333,32.290275,13,15,21,"",49
"All","VAN","Vanuatu","Oceania",-15.376706,166.959158,0,0,0,"",0
"All","WAL","Wales","Europe",52.1306607,-3.7837117,57,86,127,"",270
"All","ZAM","Zambia","Africa",-13.133897,27.849332,3,8,20,"",31
"All","ZIM","Zimbabwe","Africa",-19.015438,29.154857,7,15,22,"Historic CGAs and teams",44
